{"cameraMode":{"drawMode":0,"name":"Shaded","section":"Shading Mode"},"sceneLighting":true,"audioPlay":false,"sceneViewState":{"showFog":true,"showMaterialUpdate":false,"showSkybox":true,"showFlares":true,"showImageEffects":true,"showParticleSystems":true},"in2DMode":false,"pivot":{"x":0.212997168302536,"y":1.5589826107025147,"z":-203.33999633789063},"rotation":{"x":-0.006251364015042782,"y":-0.9920241236686707,"z":0.05451506748795509,"w":-0.11360248923301697},"size":0.27484697103500368,"orthographic":false}